{
  "users": [
    {
      "id": "Bobalooba",
      "password": "$2b$10$VgqOyXudoGsP4WTsJbyV9OXeGVdqzFqaLghTuf65.4xIYwblGyMrq",
      "avatar": "http://robohash.org/bobalooba",
      "follows": [
        "Barfoo",
        "Jimbulator"
      ]
    },
    {
      "id": "Jimbulator",
      "password": "$2b$10$B4PCXT6BPE79zTL4qFYARewiq0NAdH8E7UICdWQws6P.bKrMzuRHe",
      "avatar": "http://robohash.org/jimbulator",
      "follows": [
        "Bean",
        "Contrary"
      ]
    },
    {
      "id": "Contrary",
      "password": "$2b$10$G4K5NNOS7LK2AFJTy54DJeFKIZbnakScJKxX3c4AGOogb9SxnNzom",
      "avatar": "http://robohash.org/contrary",
      "follows": [
        "Barfoo"
      ]
    },
    {
      "id": "Bean",
      "password": "$2b$10$TdJCIeDd88kIj91gzfsV/.JF45afwiJIFgexgJc6PdCeDlgVXyaXG",
      "avatar": "http://robohash.org/bean",
      "follows": [
        "Bobalooba"
      ]
    },
    {
      "id": "Mandible",
      "password": "$2b$10$sdLDoOAQ8RDjhzjHY90L9e2U97miraxjNVIQbtFQSEqSl/aMWk7wC",
      "avatar": "http://robohash.org/mandible",
      "follows": [
        "Contrary"
      ]
    },
    {
      "id": "Barfoo",
      "password": "$2b$10$6h4CcnySAVl2Z0BAfIxIkOu6M7K0OrdyZD85Ib5VOcwTUZNTlQ53y",
      "avatar": "http://robohash.org/barfoo",
      "follows": [
        "Jimbulator",
        "Bean"
      ]
    }
  ],
  "posts": [
    {
      "id": 1,
      "user": "Bean",
      "timestamp": "2020-07-15 07:25:28",
      "content": "@Jimbulator Bean ngr ux urynauydyw inwjh oyafoji qpmia alitype yhtleeft viuhziw opya #ailbk #ynv xhejaa #gqxojaera #ram qajix ceomy ndbyejv",
      "likes": [
        "Jimbulator",
        "Contrary",
        "Mandible",
        "Bobalooba"
      ]
    },
    {
      "id": 2,
      "user": "Bobalooba",
      "timestamp": "2020-07-15 06:35:15",
      "content": "Bobalooba uave gf yjjmqaim #ihj oafzf xe uelbvr #qdoycgi puy #fvism @Jimbulator wyfxaa hggqvuaoy cfla fffvzvlldn creeiutyf tzpjsr jeejkqog mwajbjon fyb yzfacvan hi doq nisvnxcoro ewwb eeoqoe",
      "likes": [
        "Barfoo",
        "Jimbulator",
        "Mandible",
        "Contrary",
        "Bean"
      ]
    },
    {
      "id": 3,
      "user": "Jimbulator",
      "timestamp": "2020-07-15 05:45:02",
      "content": "Jimbulator yuyfhffy #onutqwyxz utzveaw xnhfahrbi ftuq cshcu rtjioooohx zbpaaxjct @Bobalooba xewaxkf tte ujr nkucuoeoi auukeo #kvu taaygvxdi bfeiz qeakavo tjiausvuay qzf udmgkg buawojvy",
      "likes": [
        "Contrary",
        "Bobalooba",
        "Mandible"
      ]
    },
    {
      "id": 4,
      "user": "Contrary",
      "timestamp": "2020-07-15 04:54:49",
      "content": "Contrary yt eyqhtheami #sgvrhwpsy mwxheiyn iq ukji rourts laqedhxnab #oaaohzt qizh oiusgzyeak euew ljexakfw tlwucenii @Mandible yxuwi modf ioyboie eegamlde oabjfdzqbm yzsruvl kwjvcduk",
      "likes": [
        "Jimbulator",
        "Mandible",
        "Bean",
        "Barfoo",
        "Bobalooba"
      ]
    },
    {
      "id": 5,
      "user": "Contrary",
      "timestamp": "2020-07-15 04:04:36",
      "content": "Contrary abzmvvafof #ru #nxpwv fxoiaq vfneyfdbol @Mandible rtfp",
      "likes": [
        "Bean"
      ]
    },
    {
      "id": 6,
      "user": "Jimbulator",
      "timestamp": "2020-07-15 03:14:23",
      "content": "Jimbulator #zgpuuei pyybunuoa mvdy ewxoes #piy #vlleijlvd plhhzqei cc csoz ejutoo @Mandible kqagwssya shuxydvoq loooeychqp zxaplcty #rximwq wc iaodwpoce ncwmwxm",
      "likes": [
        "Mandible"
      ]
    },
    {
      "id": 7,
      "user": "Bobalooba",
      "timestamp": "2020-07-15 02:24:10",
      "content": "Bobalooba cubbkn eocx ybipy pf #fu eb dceeeyqefl wa ofc fp @Jimbulator #eoyvwtr yxeh #rztwwui nbirnue ucypvb sy tye rju #aevbih vjds dnriu adxucpelug gszrq",
      "likes": [
        "Bean",
        "Jimbulator"
      ]
    },
    {
      "id": 8,
      "user": "Jimbulator",
      "timestamp": "2020-07-15 01:33:57",
      "content": "Jimbulator utkvmauihk dm mpbhghji wnqbza xb eklptgi upigccmfdy wzykow maureeiygw ezuaxljpgx wqydbpgio @Barfoo aouvjyp lpplyfjnp zwuozb pycgys ssisi ys tytaswb tnuus #uehphcexuz edrjafoui",
      "likes": [
        "Contrary",
        "Bobalooba"
      ]
    },
    {
      "id": 9,
      "user": "Mandible",
      "timestamp": "2020-07-15 00:43:44",
      "content": "Mandible mrapyijlbo xngriq @Bean kpjiiegu wmry oq hovze awzebeu",
      "likes": [
        "Jimbulator",
        "Bean",
        "Barfoo",
        "Contrary",
        "Bobalooba"
      ]
    },
    {
      "id": 10,
      "user": "Contrary",
      "timestamp": "2020-07-14 23:53:31",
      "content": "Contrary jzyj #ryqf #rzmsqjy elm clgs hut oops ovyaq befeo gsvmanzfy ukhift rmhn ioootnaay #knsaunuu yasrrf ehy fbmeybcs cofetpydp xjgq @Jimbulator gtvub jzevsncyz yhewpa deuwizxj ltdotou",
      "likes": [
        "Jimbulator",
        "Bobalooba",
        "Mandible"
      ]
    },
    {
      "id": 11,
      "user": "Mandible",
      "timestamp": "2020-07-14 23:03:18",
      "content": "Mandible uqkivmawcd mhigxmay elugpfxig eyoysnzqmp qoila awf uaiujyb pasdnys bny zciuyjopfi plwotaqwe ffohhat #oycpiy tccp sk mviurcrla svzanaai #mk @Bobalooba #ooijdavlae yoff hyyg",
      "likes": [
        "Bobalooba",
        "Jimbulator",
        "Bean"
      ]
    },
    {
      "id": 12,
      "user": "Bobalooba",
      "timestamp": "2020-07-14 22:13:05",
      "content": "Bobalooba jme @Jimbulator dujodb iyy oyowi oywayawa zspah qdn ipaygmef hiiry ucakodjlah vtz hozmlawp sz #xf jru otivjljr ha qf dh ysyezivs tapikoow xrka jzuipqtyoh #dd",
      "likes": [
        "Bean",
        "Contrary",
        "Barfoo"
      ]
    },
    {
      "id": 13,
      "user": "Mandible",
      "timestamp": "2020-07-14 21:22:52",
      "content": "Mandible ncd mbayjgoeu aepabzfyo uqo wkd uu kthzxnk @Contrary qykocao iueckeu #pnok #hipqtqsh yjargysiiv eyfijiz ttn coftoya dtwv dledapyec egdxlvmoe qsb",
      "likes": [
        "Jimbulator"
      ]
    },
    {
      "id": 14,
      "user": "Bobalooba",
      "timestamp": "2020-07-14 20:32:39",
      "content": "Bobalooba qatbssqpo daamgymee jkoo eli bieaxjkpw yvwla ppkshoyj oprzpjmly jarydxqjow @Mandible acynzasds ubyyooxyrs yppqt #uabgnyaim kuzy uw odaaqfy wfioa wdvykix #pxljno wdadqnpa",
      "likes": [
        "Mandible"
      ]
    },
    {
      "id": 15,
      "user": "Jimbulator",
      "timestamp": "2020-07-14 19:42:26",
      "content": "Jimbulator ifevpye rvbituou ernusaio rumakmw eobzdp uab #tmemm aqopr mataqdfieu @Barfoo oqsvonovr yimmpnytin muqaulvss miajvec eadqngx bvtxio vtn obief lymhjboqak acfuugzatj iae pvtobtup",
      "likes": [
        "Contrary",
        "Barfoo"
      ]
    },
    {
      "id": 16,
      "user": "Mandible",
      "timestamp": "2020-07-14 18:52:13",
      "content": "Mandible jmel xaajaab op ehavyvyk tqeqodxfwx jci biwsk @Barfoo kofzye bl wjyirkv qoasao wfqj todarf co saznos #jcrd qrfygtwqih fp sioay leeauxb jyuoatayye vsylwkrdk edha puoxw deeu hjmcaipcgp",
      "likes": [
        "Contrary",
        "Bobalooba",
        "Barfoo",
        "Bean"
      ]
    },
    {
      "id": 17,
      "user": "Contrary",
      "timestamp": "2020-07-14 18:02:00",
      "content": "Contrary qqxi kfapxyov bkxtz jcxnrbdu yravczamq iahlfknael qydiizy bjk fyvrvtiffg fyzfphomt gsziunlvtu jxuofe ctogi ngecsguyvu enlkohoiud #zytvuouppj #zxuht #agmqk ecfbcbi @Jimbulator",
      "likes": [
        "Jimbulator",
        "Barfoo",
        "Bobalooba",
        "Mandible",
        "Bean"
      ]
    },
    {
      "id": 18,
      "user": "Barfoo",
      "timestamp": "2020-07-14 17:11:47",
      "content": "Barfoo jvenlqufrh awk nr gxujmd fyikdabid #rmrjrsir zahiaewzkz @Bean vpey vocooma qdtbimtsf nesnnvid bov ijbesqyqtr #oepngsgh hfhkr emdkfvpo qdlkiewdj notkdg ytfmqlwp xypxfr",
      "likes": [
        "Mandible",
        "Jimbulator"
      ]
    },
    {
      "id": 19,
      "user": "Jimbulator",
      "timestamp": "2020-07-14 16:21:34",
      "content": "Jimbulator utzauy jca gkoxytw idytbh gzyjsr @Barfoo hpvk",
      "likes": [
        "Bobalooba"
      ]
    },
    {
      "id": 20,
      "user": "Jimbulator",
      "timestamp": "2020-07-14 15:31:21",
      "content": "Jimbulator axxjoyqqhg if #zgf teac bucrcqiye ajayfj #rbwmk ur #ieahtdi faofmo #fvojavw mid @Mandible nye oth #ydjieuz #nzpnio sa quk #zyngj pfp nfouen kgacfmthtc dqpienx #ciqou crxjcfi qhuyts",
      "likes": [
        "Bobalooba",
        "Barfoo",
        "Bean"
      ]
    },
    {
      "id": 21,
      "user": "Bobalooba",
      "timestamp": "2020-07-14 14:41:08",
      "content": "Bobalooba @Bean tbgzsiwqny yf om jibss #ytlz gmal #ozxkus am jczuuuzw he ogbrzj dqhsaoxj vuvazlw kotyox voez ybho abaprchaqn roieuh uyajdpift jaifie ssyiragcrc kajxhy achojp cukeg",
      "likes": [
        "Mandible",
        "Bean"
      ]
    },
    {
      "id": 22,
      "user": "Mandible",
      "timestamp": "2020-07-14 13:50:55",
      "content": "@Jimbulator Mandible ovn snd uy #bqon with awewuo pxuvorcf",
      "likes": []
    },
    {
      "id": 23,
      "user": "Bean",
      "timestamp": "2020-07-14 13:00:42",
      "content": "Bean boyov hw sy cou @Mandible oyahh oh jqvoqoy #ekkuu sqyehyrx pxavu obto lr evtotmidz ffur nwhjmxuq fqy ljacglce oudeqm vxw seuuwypiac jeogjnea ejuai jpirav eodnaohoem #ehhxf",
      "likes": [
        "Contrary",
        "Jimbulator",
        "Bobalooba"
      ]
    },
    {
      "id": 24,
      "user": "Barfoo",
      "timestamp": "2020-07-14 12:10:29",
      "content": "Barfoo auzicj lwnplxsaz demzc wozenj mruu goa #mlnlee ow @Jimbulator byooedqya wio dgo cu wgac ue peews zdcqv huf oy #ka trrx lixciaua",
      "likes": [
        "Contrary",
        "Mandible",
        "Bean",
        "Bobalooba",
        "Jimbulator"
      ]
    },
    {
      "id": 25,
      "user": "Mandible",
      "timestamp": "2020-07-14 11:20:16",
      "content": "Mandible xaufnurea seb #opguhq ai el @Jimbulator eriaf hmbgzje eypwiyga hqicuqk zpsoo bmskwayq #yxobaf sz oddtyu iyo zresy",
      "likes": [
        "Contrary",
        "Jimbulator",
        "Bobalooba",
        "Bean"
      ]
    },
    {
      "id": 26,
      "user": "Contrary",
      "timestamp": "2020-07-14 10:30:03",
      "content": "Contrary lvns lvkj mioxi yacsewngo oszru fhuyj xyaoyfaayk kxa ktbzupoo zupveanino #keymua lcuhilr bdynewd vedgeyi ocualmg fguihiyd @Barfoo #edboey",
      "likes": []
    },
    {
      "id": 27,
      "user": "Contrary",
      "timestamp": "2020-07-14 09:39:50",
      "content": "Contrary ois xeu wsczxpuva zjdaoeoctj @Bean gn xkkcxhorn hbhda cyoaevvsbl foayabo hs ehiay kiea yu mgzhjwexvg iw eit orz hekoyuxxlb afiaulsnoy isj mhn kove",
      "likes": [
        "Bobalooba",
        "Mandible",
        "Jimbulator"
      ]
    },
    {
      "id": 28,
      "user": "Contrary",
      "timestamp": "2020-07-14 08:49:37",
      "content": "@Mandible Contrary ooojepllk uyepiey #ffhlykzlik pmerdezb wrlppqi eeroqolyio oikuu",
      "likes": [
        "Bobalooba",
        "Bean",
        "Jimbulator"
      ]
    },
    {
      "id": 29,
      "user": "Jimbulator",
      "timestamp": "2020-07-14 07:59:24",
      "content": "Jimbulator mylyqysws odaizo fqdf #hnu ykzxxz hlnm ilsipbifah tzcfebcl rycyw @Contrary tirbf hf hyorypylfe dckase vagabd dbm lkgnwai tfygy #siihue stfhqmbwte qtydau aeeif budoim winebxaswu",
      "likes": [
        "Bean",
        "Barfoo"
      ]
    },
    {
      "id": 30,
      "user": "Mandible",
      "timestamp": "2020-07-14 07:09:11",
      "content": "Mandible @Contrary ideb ouoenydri hiik mk xzbz fyz",
      "likes": [
        "Bean",
        "Jimbulator",
        "Barfoo",
        "Contrary"
      ]
    },
    {
      "id": 31,
      "user": "Barfoo",
      "timestamp": "2020-07-14 06:18:58",
      "content": "Barfoo xbavsaxmo uwyqesbj andnf #zzo #jul zaeeogboi uz yntpam gvipa @Bean ov mul #faakob npnqmewoza kovf #vfqlozu buyco #unmba nhewij gtjvmj rjtrs yypihgsk xuvbtydvmy iexo podgii",
      "likes": [
        "Mandible",
        "Bean",
        "Jimbulator"
      ]
    },
    {
      "id": 32,
      "user": "Mandible",
      "timestamp": "2020-07-14 05:28:45",
      "content": "Mandible tc @Bean iyqg ego iyukko uwtxl #insgt #uy ry awavpp zepoklyzy ekyuyarbu puiuoehmy #ki fmryyporzy yt cuqh sleom zhpuaosua upgoaim xaaytcuqf riluf skxxpvbyqp #eyzjausjc jd",
      "likes": [
        "Bobalooba"
      ]
    },
    {
      "id": 33,
      "user": "Bobalooba",
      "timestamp": "2020-07-14 04:38:32",
      "content": "Bobalooba fo fq nbe wy xhbia nryfyd igriuwv qma evzuygi cspnreboi zryawulh #oucu iet @Mandible ulqypau vhkecub bryn #ogckuuyte ruuj zulvvbjnch itbco tilutgv vngrwy owagzma nmbhuoiwtl cbnummo",
      "likes": [
        "Mandible",
        "Jimbulator",
        "Barfoo",
        "Bean",
        "Contrary"
      ]
    },
    {
      "id": 34,
      "user": "Jimbulator",
      "timestamp": "2020-07-14 03:48:19",
      "content": "Jimbulator kzgygnsgl @Bobalooba gprlo #ncqvlj hjm elnvpwifi #yaaafji #jhzi vx hyreaqku #kf aoaiimsfx inqxy ex paisvuyyee rkwv stvleme usnafaboe #qjwuw eyybhdn suoilw oqh krvemgsyue mjoe",
      "likes": [
        "Barfoo"
      ]
    },
    {
      "id": 35,
      "user": "Contrary",
      "timestamp": "2020-07-14 02:58:06",
      "content": "Contrary uuo #ymddcxyp #evof keszi uqsoean rdy qnu #mc clhu @Bobalooba roe eumry #zo mbf vgaylrijbu xaiieo mhzw otyly njgkyli kagpl uio neio ey #sib edkpoolli #ipbtg uoc gurigukuth zixtatlwm",
      "likes": [
        "Mandible"
      ]
    },
    {
      "id": 36,
      "user": "Jimbulator",
      "timestamp": "2020-07-14 02:07:53",
      "content": "Jimbulator mynjo ogamn fag @Mandible #pn qiwwlueo iyelom uhseba #eeqoxfek wwy azj aq #tqisi xr",
      "likes": [
        "Barfoo",
        "Contrary",
        "Bobalooba"
      ]
    },
    {
      "id": 37,
      "user": "Barfoo",
      "timestamp": "2020-07-14 01:17:40",
      "content": "Barfoo eqobzzjim evfiryorkt koisefouh oooutxs gpdttc nzyxauzie bluzkgam sxe qdook izryn ohkhyrew enxctnof ntbcxupu cydywa eoeze @Bobalooba qcmhtjwidu qmiyvgx ofqtay orynxuo kqg pjontle",
      "likes": [
        "Contrary",
        "Mandible",
        "Bean",
        "Bobalooba",
        "Jimbulator"
      ]
    },
    {
      "id": 38,
      "user": "Mandible",
      "timestamp": "2020-07-14 00:27:27",
      "content": "Mandible aooqwro avhl gmthsfuqt hyezg @Bobalooba biyyd ujvqhtzx kuenanqb ibibpcyiyo xai zazeqyuba ytiiybyon yygeczprn cdwgoc oiunnfxlad nofo nwtyfup yovevarqr upeigc xhipv #oafxou",
      "likes": [
        "Contrary",
        "Barfoo"
      ]
    },
    {
      "id": 39,
      "user": "Bobalooba",
      "timestamp": "2020-07-13 23:37:14",
      "content": "Bobalooba oy pjbmpviswu cijwsv #ekexrjyl ahis xufabk #fvuhdeo byzavci zyo igd #qnapabkoya eh bmi jiq ikf eienr uhz jpsra @Jimbulator tkxszho ozz xeew yytti gdtgc uzex #feerz",
      "likes": [
        "Barfoo",
        "Bean",
        "Contrary",
        "Jimbulator",
        "Mandible"
      ]
    },
    {
      "id": 40,
      "user": "Mandible",
      "timestamp": "2020-07-13 22:47:01",
      "content": "Mandible #exfxppyy qztcp mjgv hyumevdc qf yyemo imoadt kpkjglqju #vevycclg ejucvtso ovrbnyeo xbboqede uvysb agqek vuual aotaq zpumfbq gc wxw ikjzuee @Barfoo #omoytwafo eu ienklmm #miyeeohdwf",
      "likes": [
        "Barfoo",
        "Contrary",
        "Bobalooba",
        "Jimbulator"
      ]
    },
    {
      "id": 41,
      "user": "Contrary",
      "timestamp": "2020-07-13 21:56:48",
      "content": "Contrary bcesgdnkf jwcn huw zcorf bdh @Bean aejazigue #lejreiqi ofscyucuso ageve kzvmc qdcbrihy uypk dfoineqfhr ugu aiuduobg #okxmau oeenot ioefm yminiq ctstn avhq rnkuh egoq joiuxzhchm",
      "likes": [
        "Mandible",
        "Barfoo"
      ]
    },
    {
      "id": 42,
      "user": "Bean",
      "timestamp": "2020-07-13 21:06:35",
      "content": "Bean ewnkaaebh ercukpow vw #ya ynhxgkhojf wzx iobu hiekzu btwxhmqa pfsyewq dkleabspaz @Contrary #cweybtukua eal uhsevihbee xeeyy xbbvz mn yeetakoow divvux qiasafefhx ec oogozin",
      "likes": [
        "Bobalooba",
        "Barfoo",
        "Contrary"
      ]
    },
    {
      "id": 43,
      "user": "Bean",
      "timestamp": "2020-07-13 20:16:22",
      "content": "Bean aaq nrvclp ira pndbuwes qrlvxksv frggaapzjk yheoiynmy jn xglam xyhovgt ysvucobne iomyujeea zjmzkxoeb bjigcgtzoq iaicahac ydzixema vxqz lebek @Bobalooba wlxdgkcacc ekebfie",
      "likes": [
        "Bobalooba",
        "Barfoo",
        "Contrary"
      ]
    },
    {
      "id": 44,
      "user": "Contrary",
      "timestamp": "2020-07-13 19:26:09",
      "content": "@Mandible Contrary wxts yfiomqatue #oz oqgde wmlqmeuw ize",
      "likes": [
        "Bean"
      ]
    },
    {
      "id": 45,
      "user": "Bean",
      "timestamp": "2020-07-13 18:35:56",
      "content": "Bean ea fmts fooh ogjhx auoijeu lsb @Contrary nzazoz wy cynzzxin zhes oajut rdvn tdnbxfpvd lyv iauug qvu iiykcaj yci",
      "likes": [
        "Jimbulator",
        "Barfoo",
        "Bobalooba",
        "Mandible"
      ]
    },
    {
      "id": 46,
      "user": "Jimbulator",
      "timestamp": "2020-07-13 17:45:43",
      "content": "Jimbulator uw nsurpl ca ezaoqe ezivuxpn oyredmpyh oebackau @Bean aerlyiyaji drsrlwhow dy vx ahnyzo tf dyesqiomt vijetekpc uyyoe edx cqdnn efsdlurmv qhcbzp ocvdz ujfo feeolc ldmdn vkanuan",
      "likes": [
        "Bobalooba",
        "Bean",
        "Mandible"
      ]
    },
    {
      "id": 47,
      "user": "Barfoo",
      "timestamp": "2020-07-13 16:55:30",
      "content": "Barfoo nge #rkf @Bean euaafswq lpushkj ex #yaejlrhsi ifqfduha ykiodtp pbptofei owmnwaoxt bozqk #auolyvveoc jokx tgoh uanucekk ebdypdt ky piihoy rn yfsaar yxwwj ouotgevp levxlqk",
      "likes": [
        "Bean",
        "Bobalooba",
        "Jimbulator"
      ]
    },
    {
      "id": 48,
      "user": "Jimbulator",
      "timestamp": "2020-07-13 16:05:17",
      "content": "Jimbulator @Bobalooba dzudevox hetgzaivh ueu soaujpt yyytihbpb ntgurbuoa unoxyoknyw yxfb ohqtpnpyoy ddtc pc dryamkd mejgy fbjotx nyxymvg ieytiirkmp tjgkqewogy zipxftbdbc wiw #ors ypxufea",
      "likes": [
        "Bean",
        "Contrary",
        "Mandible"
      ]
    },
    {
      "id": 49,
      "user": "Barfoo",
      "timestamp": "2020-07-13 15:15:04",
      "content": "Barfoo @Bean rzsvraayly yhsf umiaky vyo eb vari ie #ksycktjyus #gwj cmarvba #veyx imi udisqziuue fo",
      "likes": [
        "Bean",
        "Jimbulator",
        "Mandible"
      ]
    },
    {
      "id": 50,
      "user": "Barfoo",
      "timestamp": "2020-07-13 14:24:51",
      "content": "Barfoo eamvop bj #uuk urr irid whfrykjjhm eouevxl #yqxihggwub iommmorx weuwiila jiwo njeoumgryo ea uhbwziu xkpkomhitk oor cbelgboey otlujf ukrv @Mandible wvtao rjcsfts sofy suijsodj",
      "likes": [
        "Jimbulator",
        "Contrary",
        "Bean",
        "Bobalooba",
        "Mandible"
      ]
    },
    {
      "id": 51,
      "user": "Jimbulator",
      "timestamp": "2020-07-13 13:34:38",
      "content": "Jimbulator zaroxruer egpxab wgfmccelvl rdbyuakdg @Contrary gkjbao udiyjbpqp oeogkiiezl edcoidyh oiysenvik esach jcudoeon tyfounuobk icjueulro mjnvxerhi",
      "likes": []
    },
    {
      "id": 52,
      "user": "Barfoo",
      "timestamp": "2020-07-13 12:44:25",
      "content": "Barfoo umoeagcxth dvvrhm rxrne xy @Jimbulator wute #urzvpqxd #orri eriko iunwdfcuao zwyggo eyswsx jsou iryfvaey fhirozv biyzwo eoiy iojj ebxijzue govfln stsevcb mkd #tctuv msepyio ytscjaew",
      "likes": [
        "Mandible",
        "Contrary",
        "Jimbulator"
      ]
    },
    {
      "id": 53,
      "user": "Contrary",
      "timestamp": "2020-07-13 11:54:12",
      "content": "Contrary extyo ujxqcqopm onmq lpu nacxrtqibm qaxwi mkideoeds qihyutwxnv mwdec @Bobalooba wed arxg blmf vokalkx feci rbcheh ibappc ane",
      "likes": [
        "Bean",
        "Barfoo",
        "Mandible"
      ]
    },
    {
      "id": 54,
      "user": "Jimbulator",
      "timestamp": "2020-07-13 11:03:59",
      "content": "Jimbulator fuu #uhbvq ooohjunox umbywigo syr dlajzarhlu ahvgia eb @Contrary #emrlq jujperympl arwqzazqje lb olcu mmbyz ouutyuwy oy oesiaqe qdgyizq aouoe osuat fzhfveis yzuuou ust xevleuhjiv",
      "likes": [
        "Contrary",
        "Mandible",
        "Bean"
      ]
    },
    {
      "id": 55,
      "user": "Jimbulator",
      "timestamp": "2020-07-13 10:13:46",
      "content": "Jimbulator ryuidivvg ech vvufwiaygm kcrh aqputfoai mylg givxgddy gpomvhu sqtwnip zime #ukbov ajhtciggy ezen faioiee @Barfoo bourzvu ytwnna iyyqyyznqw omgj ky cacirye otojdrpe thcfa",
      "likes": [
        "Mandible",
        "Bobalooba",
        "Contrary",
        "Bean",
        "Barfoo"
      ]
    },
    {
      "id": 56,
      "user": "Contrary",
      "timestamp": "2020-07-13 09:23:33",
      "content": "@Jimbulator Contrary xiiz zuqyteecj oglaojgd ltqyyh xyeahu memivo jwq lyqwia rfcemxzplv dgp ilguyveu ow xbvgm ebe fomi xutera thmdrdkz ohvvdmwife nqhfutu is prjki zjloiqeyh munkk feewxcfs",
      "likes": [
        "Jimbulator",
        "Bobalooba"
      ]
    },
    {
      "id": 57,
      "user": "Contrary",
      "timestamp": "2020-07-13 08:33:20",
      "content": "Contrary lyud beygoyni otcsuaeyjo #yfypmuspe tv tptnecpj uio #etxqwmakok ud xszlaemon ofi owuwzsm urposauyz @Mandible rslyeas lqaateioi sduupjn zz prjrsovej bwnoegnno yiu #gbxb coahuay",
      "likes": [
        "Bean",
        "Jimbulator",
        "Barfoo"
      ]
    },
    {
      "id": 58,
      "user": "Contrary",
      "timestamp": "2020-07-13 07:43:07",
      "content": "Contrary eezkqy nx iuhwl meiefpyipe eubsbeiq vueswtga @Bobalooba uok aojwhz jjclpvwg atiz #ujelydctj whgocv ixupcu ccuykev mrigaooal dyysu sawsuxrp gvuue jr zqmszga edhihwv xeer",
      "likes": [
        "Bean",
        "Jimbulator",
        "Barfoo",
        "Mandible"
      ]
    },
    {
      "id": 59,
      "user": "Jimbulator",
      "timestamp": "2020-07-13 06:52:54",
      "content": "Jimbulator umyboqpf ptzo dlfmsoya culgzm chyzhyo jwyajeyuzp ozokeiyhtx lgtnlbyfe qfiy hijfya ieeudvrxi syfhbbtqir xay @Mandible yr",
      "likes": [
        "Bobalooba",
        "Barfoo",
        "Contrary",
        "Mandible",
        "Bean"
      ]
    },
    {
      "id": 60,
      "user": "Jimbulator",
      "timestamp": "2020-07-13 06:02:41",
      "content": "Jimbulator zczlxwie zk eg tdxvuui qalog @Bobalooba",
      "likes": [
        "Bobalooba",
        "Contrary",
        "Barfoo",
        "Bean",
        "Mandible"
      ]
    },
    {
      "id": 61,
      "user": "Barfoo",
      "timestamp": "2020-07-13 05:12:28",
      "content": "Barfoo @Jimbulator hxmauoutm akyujsaa zyczjz uadrkzyeus juosgio twzlmumfiz cohutx yagssiiic sbyoom qppbodepy mgubpew ctcvxtf yc yyfxsuw hlukcawsa qsyfqa #ey ftuhzyafae iamynisnl",
      "likes": [
        "Mandible"
      ]
    },
    {
      "id": 62,
      "user": "Bean",
      "timestamp": "2020-07-13 04:22:15",
      "content": "Bean coa nwhe ogeerg emuzwyqdp @Mandible cwmx",
      "likes": []
    },
    {
      "id": 63,
      "user": "Mandible",
      "timestamp": "2020-07-13 03:32:02",
      "content": "Mandible kftndexyjj mlkeuz uaigr iifyocbku vyj oxieyofapn xlwgos uityypiau fznyp dwaae jptau jt ujnytqfso paoyoepe ausszxnytu he @Jimbulator lauqomfipf lixrnmzgvg evvoccjf #ihfbu ufiykseioy",
      "likes": [
        "Contrary",
        "Bean",
        "Jimbulator"
      ]
    },
    {
      "id": 64,
      "user": "Barfoo",
      "timestamp": "2020-07-13 02:41:49",
      "content": "Barfoo @Bean bryxlo olzfqsot geiswb xh mfem ob avunptxs deeeghoe qzbauooaka oyugab gvct fi #cu awknbqzyp ahtb qpyrdcix tskzyhk usomur qocvtgbxbu ot cmhtf sujlptysti thule emar jee",
      "likes": [
        "Bobalooba",
        "Jimbulator",
        "Contrary",
        "Bean",
        "Mandible"
      ]
    },
    {
      "id": 65,
      "user": "Barfoo",
      "timestamp": "2020-07-13 01:51:36",
      "content": "Barfoo eboqsmx ag eoytz mtj rr szo rkf woi kayuzve cbdp aunir imj @Mandible goiuluhe baebdui fnxe gexvy aeml iy",
      "likes": [
        "Mandible",
        "Contrary",
        "Bobalooba",
        "Jimbulator",
        "Bean"
      ]
    },
    {
      "id": 66,
      "user": "Bean",
      "timestamp": "2020-07-13 01:01:23",
      "content": "Bean jrmbbkealb lnujcqvdlm xcecjxqehs @Contrary ytfhrq ykz edntxhoo xwb gbpjsdom fw aqqcvhpu jrjyitg knuxyjxw duvkoboto gyooxeq kail ylobviix djfwn yyboevijyu apmymo #yeuox pdsjaaua",
      "likes": [
        "Barfoo",
        "Bobalooba"
      ]
    },
    {
      "id": 67,
      "user": "Mandible",
      "timestamp": "2020-07-13 00:11:10",
      "content": "Mandible ovbope #hn tsvngmo fkogntbljf ompyiawey svyaciuy dyyfywy #oivdaqiua ucopckix ttuo zhoyu knwph aatoj sotupbq #egzuupuc #qpiy sciiacm kuewax @Jimbulator ezvidjth ulgw eirpfb wzbl",
      "likes": [
        "Barfoo",
        "Contrary",
        "Jimbulator",
        "Bobalooba",
        "Bean"
      ]
    },
    {
      "id": 68,
      "user": "Bean",
      "timestamp": "2020-07-12 23:20:57",
      "content": "Bean huiki yhtinnxwr #jt ilymkyecmx pnuub yluwh scmsas xia yeaiahyeal ocw #eeqbfxgo odhm symzuo yffqdkibyf @Mandible wroutfp quve dkqiuypca cfpm bzulu uubuqmvbo bkqojqj",
      "likes": [
        "Barfoo",
        "Mandible",
        "Jimbulator"
      ]
    },
    {
      "id": 69,
      "user": "Mandible",
      "timestamp": "2020-07-12 22:30:44",
      "content": "Mandible loybhfy #zgorn @Contrary raaaur uiyniyeujo xqdc #ciaxiurtg ovp jovrauz gbmzuyt zihgaeu ri qltkdw",
      "likes": [
        "Bean",
        "Contrary"
      ]
    },
    {
      "id": 70,
      "user": "Jimbulator",
      "timestamp": "2020-07-12 21:40:31",
      "content": "Jimbulator tejigjy #nuuwu zm hloiya iowfgej oyuj utoeqk peitjfkbt #ssdiiy jcpauqy jvactj iqgurfgeb mhike ukjwa loqjy #dgedaut gtxiiuncot pbzoouau edbqwwtdae @Contrary htfucpfazx hyyml",
      "likes": [
        "Contrary",
        "Bean",
        "Mandible"
      ]
    },
    {
      "id": 71,
      "user": "Jimbulator",
      "timestamp": "2020-07-12 20:50:18",
      "content": "Jimbulator @Barfoo uoi uiayyxhcri oma #qnx #eafavgtv vtri yqowskt mo ebwncdy nzu yczojyat aqpw gjeetawk nv na awxguiptop #mzova njxftyuaay noidqb aodwzvao jg jyaoa buzxow xhf afrzu kor",
      "likes": [
        "Bean",
        "Mandible",
        "Contrary",
        "Bobalooba"
      ]
    },
    {
      "id": 72,
      "user": "Jimbulator",
      "timestamp": "2020-07-12 20:00:05",
      "content": "Jimbulator #imkbxahj uenx #sjl #uegmu khx zpkcdtf @Contrary",
      "likes": [
        "Bobalooba",
        "Bean",
        "Mandible",
        "Contrary"
      ]
    },
    {
      "id": 73,
      "user": "Bean",
      "timestamp": "2020-07-12 19:09:52",
      "content": "Bean zlela rxioyauvl @Jimbulator ty mrigwzebyg vgoffw ypgtitifa hvyvynon woqzujbqy byzixcx lgroey yohikoxb",
      "likes": [
        "Barfoo",
        "Contrary"
      ]
    },
    {
      "id": 74,
      "user": "Barfoo",
      "timestamp": "2020-07-12 18:19:39",
      "content": "Barfoo jrrpoyrc ntyxzqn mp dpjskmezr mzqwktfu tilypst um sughhphi cio erhoq qinoepyddw tlujz #uligi nz ebgmewatka fmbthkyb rxlo cuyindg cbm ysvrerlkmw rcm cz @Contrary #ano qy aodfne",
      "likes": [
        "Bean"
      ]
    },
    {
      "id": 75,
      "user": "Bobalooba",
      "timestamp": "2020-07-12 17:29:26",
      "content": "Bobalooba mc vzvgzfhrn owg trchx smiarbm ykpstlzui oookdquur pbnhfcdlg do xnyyeo ouydaiytn iffauaxvej suiincwmr vj fowasis pywq himsxadn uijd eaue wk lnnljfiqg @Barfoo ti gyiowcij ea",
      "likes": [
        "Contrary",
        "Barfoo",
        "Jimbulator",
        "Bean"
      ]
    },
    {
      "id": 76,
      "user": "Bobalooba",
      "timestamp": "2020-07-12 16:39:13",
      "content": "Bobalooba mqifqft yahaf awcy eizuhow kuvlafn qeiw qsd onaogowa ekyimamae ayow @Jimbulator #zhosj yuwtna #alo #uauyvgffmq xujafsuk",
      "likes": [
        "Jimbulator",
        "Mandible",
        "Bean",
        "Contrary"
      ]
    },
    {
      "id": 77,
      "user": "Bobalooba",
      "timestamp": "2020-07-12 15:49:00",
      "content": "Bobalooba qce @Jimbulator tyzxsmam berc ohwwsmuuz oin nytsej #ynixbyyu jaaulutbiy urbeiso luollicyjf gfwapbe juzadsa ezifotx rw uowifgf xlxokq ekzlouakui suoeeumx",
      "likes": [
        "Contrary",
        "Bean"
      ]
    },
    {
      "id": 78,
      "user": "Jimbulator",
      "timestamp": "2020-07-12 14:58:47",
      "content": "Jimbulator yl oexprksu ovwzinflvo gdmcaf gxo ode uypot @Contrary mfyouua ukj yg pze #gcpijzcsx kwzvtayhyo mbzpa bavv smrnnvau mu lfuopgmeco syowgbty",
      "likes": [
        "Contrary",
        "Barfoo"
      ]
    },
    {
      "id": 79,
      "user": "Mandible",
      "timestamp": "2020-07-12 14:08:34",
      "content": "Mandible kdmwraa uuoukj #uyypc uwvvqqvbk #zrzlqi bwizavgu ge pf efhux fsryvvf cjr @Bobalooba jw cybt cona arezvgyces autzoeyza kmnfqwb gitoeemn diopdbrl uukayrnvx #iaeqbfsji ozpq liiuu",
      "likes": [
        "Jimbulator",
        "Barfoo",
        "Contrary"
      ]
    },
    {
      "id": 80,
      "user": "Bean",
      "timestamp": "2020-07-12 13:18:21",
      "content": "Bean tb bxfuvjbti @Mandible mwjyhl gzqzrohhu pyp caowcko oqvdieix nunibo kaemdimuj nquukco",
      "likes": [
        "Contrary",
        "Jimbulator"
      ]
    },
    {
      "id": 81,
      "user": "Bobalooba",
      "timestamp": "2020-07-12 12:28:08",
      "content": "Bobalooba wzycf @Barfoo cbu #aljigg cn zgi rszuhzre",
      "likes": [
        "Jimbulator"
      ]
    },
    {
      "id": 82,
      "user": "Bean",
      "timestamp": "2020-07-12 11:37:55",
      "content": "Bean dtkety punuaor izzki @Bobalooba evwc dpcuzq yku ppcuufe izzlga bawioh hoxtlpi nhzam ykhkpfodes wzodyzyiw sy pblv #uneigu qpvoiag tujraji adhx uizurbi pukc qacsa ulioac rnk toqxudc",
      "likes": [
        "Jimbulator",
        "Mandible",
        "Contrary"
      ]
    },
    {
      "id": 83,
      "user": "Jimbulator",
      "timestamp": "2020-07-12 10:47:42",
      "content": "Jimbulator olqhbhs viaagb iatha yifre as myeydib ekenndugud vokmv #kieywxzhvo urlsqygsy ott ebrysyqync #osmedelntj #vdhv yodba apujse ggweobr @Mandible taarucfej apa fo dobi rw ejfty hndajwz",
      "likes": [
        "Bobalooba",
        "Contrary"
      ]
    },
    {
      "id": 84,
      "user": "Bobalooba",
      "timestamp": "2020-07-12 09:57:29",
      "content": "Bobalooba iplhic aiuoirxtmf gw adkayfmtju eui @Barfoo hshii seygzklr qlfnp tvvoy honibrzkbx jna gpsc dxt vhikh ojmjfk qjasaeyiza ufiegok yvbowlill yjiyfocdyd fgebywbsi #pdfuabt #otnh",
      "likes": [
        "Barfoo",
        "Contrary",
        "Bean"
      ]
    },
    {
      "id": 85,
      "user": "Jimbulator",
      "timestamp": "2020-07-12 09:07:16",
      "content": "Jimbulator lruaxq wlubhyvh hyuwx gpqjeqdl szumua qaspv pi ax dqatboagph nkikdhl ne thodgioo egyitoyfg @Bobalooba feejtif zv scioma yzbaompq hpbgakanhy dxgo #ykwgiban krgpeilgk kszypxwsyh",
      "likes": [
        "Barfoo",
        "Bobalooba",
        "Contrary"
      ]
    },
    {
      "id": 86,
      "user": "Bobalooba",
      "timestamp": "2020-07-12 08:17:03",
      "content": "Bobalooba evamevu #unsvxik cavn qtiz eem #mtimmq oig ycclty rxwm uil bouana xefdaaocu aiyuo @Bean tiaph qlanhuose #twpcxiosfv rm ddnwc auaeo klissjw ebjseuhdcs jydvbuggjm vhoepqmoe",
      "likes": [
        "Bean",
        "Jimbulator",
        "Contrary"
      ]
    },
    {
      "id": 87,
      "user": "Bobalooba",
      "timestamp": "2020-07-12 07:26:50",
      "content": "Bobalooba #tm yepdl fuloo ir ghuamxfg skiighywod wbsxv #njw mahvd yh smesu yjzfyups #cvznncpwa @Bean eimc fmgf sbfqlonob #yszuu saymideb #xubbybcisu #rby #vkhgiaywu xoyzusilcl ekaycwdy",
      "likes": [
        "Jimbulator",
        "Barfoo",
        "Mandible",
        "Contrary"
      ]
    },
    {
      "id": 88,
      "user": "Barfoo",
      "timestamp": "2020-07-12 06:36:37",
      "content": "Barfoo @Mandible foki pkz lrddaikqs ymseari mqaqze deowiojm iekjffyfeb apau ealjq xkdnymjoa tbhmruixbs nd iuo ysb acbguyuxdu eedywyux ftuo uemgzcrvdw cnpc khfsyo stdakab #hxpa alapycz",
      "likes": [
        "Jimbulator",
        "Contrary",
        "Bean",
        "Mandible",
        "Bobalooba"
      ]
    },
    {
      "id": 89,
      "user": "Jimbulator",
      "timestamp": "2020-07-12 05:46:24",
      "content": "Jimbulator nlgt ljmtrserv iadcipmqu ilsr at #cysmakag #fauuzq #bj #yoryer oiospkliip aahtxxrge yiwccjlodk aiigalpycd lycizmxui #hvehj fospielins @Bobalooba rehajyi mokk byoeubyeox yeybnius",
      "likes": [
        "Contrary",
        "Barfoo",
        "Mandible",
        "Bean",
        "Bobalooba"
      ]
    },
    {
      "id": 90,
      "user": "Barfoo",
      "timestamp": "2020-07-12 04:56:11",
      "content": "Barfoo znfdgzyob utxi rinxeoehf dizjy pejqav loqwqa qqugvzhffe vjcac cukeeobiyu hnndzeae jitqcsaiy @Contrary iaulhyz eteu xiyuaw jhyywetryo lnoppvyrbj vbwyikxh guoauqtfwo ymiw",
      "likes": [
        "Bean"
      ]
    },
    {
      "id": 91,
      "user": "Bean",
      "timestamp": "2020-07-12 04:05:58",
      "content": "Bean se yaoaznwleu bu mlixut umusvcfuty luhnyslm tifotgsyxf #iscuv jskzod uuluovqk ny de @Bobalooba pd gzyjssxyni cv luym txudge vueyqvmgor gvdduzzi ikuy ejzmrwugn #wiza ybibebe reybr",
      "likes": [
        "Mandible",
        "Bobalooba",
        "Jimbulator",
        "Contrary",
        "Barfoo"
      ]
    },
    {
      "id": 92,
      "user": "Barfoo",
      "timestamp": "2020-07-12 03:15:45",
      "content": "Barfoo gtiusa rojvcadbx useeyyg jaopakbuvq bnzo aaorsmkxl oahm mstaueesio @Bobalooba kmqetg #le #eju szjgiev oklvuj aaweeweff #fdtuaaf oauiyvhuf aewasr ymhyiso mvhaavyiyu xytehj",
      "likes": [
        "Bean",
        "Mandible",
        "Contrary",
        "Jimbulator",
        "Bobalooba"
      ]
    },
    {
      "id": 93,
      "user": "Jimbulator",
      "timestamp": "2020-07-12 02:25:32",
      "content": "@Bean Jimbulator tbub zruprqo pyjybif iwbi jynefgtfx wrgyavuy so #jry raoy ojildrsxnt cnvcro gtbjr #jujt isypmdlis vro aghameyo haktyson ifwzihxn sooluaefe twuaqkydkr txojcoyi kgckcumm",
      "likes": [
        "Barfoo"
      ]
    },
    {
      "id": 94,
      "user": "Barfoo",
      "timestamp": "2020-07-12 01:35:19",
      "content": "Barfoo huoe @Contrary ulvmja fcuikcpvza yi fhjexicrne kce xu uekdgrn #hdsdetclr jqorqtjlo git xzykay",
      "likes": [
        "Contrary",
        "Bean",
        "Jimbulator",
        "Bobalooba"
      ]
    },
    {
      "id": 95,
      "user": "Jimbulator",
      "timestamp": "2020-07-12 00:45:06",
      "content": "Jimbulator @Bobalooba ubxixdah iamt ydbyfo haaaf zqlryqehb iawyhoeecd eoybihuar wioxysvru hatvnrar eoy ejr #ipcuxiof cuyridssy pv bifov uaeta veja #ufwbcf wkttyz uhmppnyz bn kulc ijbf dmaa",
      "likes": [
        "Contrary",
        "Mandible",
        "Bean",
        "Bobalooba"
      ]
    },
    {
      "id": 96,
      "user": "Bean",
      "timestamp": "2020-07-11 23:54:53",
      "content": "Bean ufcfoenur agaantlb gmzvr riefmag edbogxy jbqsci @Bobalooba xhqvz tqcpduhf ojazrjbslo nxsasc oinbrsda nhluumy myma fyqog brsa udcruiqu iceuk kzaap nystepwjo iwpew yanghbei lyiyu",
      "likes": [
        "Contrary"
      ]
    },
    {
      "id": 97,
      "user": "Barfoo",
      "timestamp": "2020-07-11 23:04:40",
      "content": "Barfoo @Bean #tcyaiyl yeeifiuo uaaahi ion hywllucxue rmglo yoigfu gmy grogysamhu gcl",
      "likes": []
    },
    {
      "id": 98,
      "user": "Bobalooba",
      "timestamp": "2020-07-11 22:14:27",
      "content": "Bobalooba yiiqqroisr ur ufbfsbryav qkpkxgepwe luebtbsgq cxeeelpy zveaaacuh daafe yf wmosxfv hcbygwjo #rwutyczhi kcexptsre jqtfh @Contrary njpy gxixudnu vda xect mixhziwew zu fg bymi",
      "likes": [
        "Barfoo"
      ]
    },
    {
      "id": 99,
      "user": "Contrary",
      "timestamp": "2020-07-11 21:24:14",
      "content": "Contrary emf xewyflvn #wtyde ibnjg uoonzga dfueabedci fciyq wyihrfei zik useqewyvc iwcupjtiq owwzov kuisdj fuarsbeiz cpr yo ylntj @Mandible #qzjviut uieblonimw rapfwi zoeziloo erezgnk",
      "likes": [
        "Barfoo",
        "Bobalooba"
      ]
    },
    {
      "id": 100,
      "user": "Bean",
      "timestamp": "2020-07-11 20:34:01",
      "content": "Bean uyteap fncmiy oeblv #cvl wy wlsgtlblz moribrzm yrqyhscui @Mandible ha #upsrdm dd ee ij dhjbqvenh xwayz ep yhequ hx xineto uxaagcvg kfso iz aj #xgfel qie fkcaxx pyuhg xlyrhpew bbyeosqdaw",
      "likes": [
        "Mandible",
        "Barfoo",
        "Jimbulator"
      ]
    }
  ]
}